date,open,high,low,close,volume,changed,changep,adjclose,tradeval,tradevol
02/08/2006,67.65,68.68,67.51,68.16,19658365,0.126,1.46%,8.7349,N/A,N/A
03/08/2006,67.91,70,67.8096,69.59,30034029,0.183,2.10%,8.9181,N/A,N/A
04/08/2006,67.05,68.61,64.96,68.3,66165159,-0.165,-1.85%,8.7528,N/A,N/A
07/08/2006,67.72,69.6,66.31,67.21,44477306,-0.14,-1.60%,8.6131,N/A,N/A
08/08/2006,67.09,67.112,64.51,64.78,35623907,-0.311,-3.62%,8.3017,N/A,N/A
09/08/2006,65.43,65.6,63.4,63.59,34122223,-0.153,-1.84%,8.1492,N/A,N/A
10/08/2006,63.25,64.81,62.7,64.07,24913842,0.062,0.75%,8.2107,N/A,N/A
11/08/2006,63.25,64.13,62.58,63.65,27761564,-0.054,-0.66%,8.1569,N/A,N/A
14/08/2006,64.05,65.22,63.6,63.94,25623183,0.037,0.46%,8.1941,N/A,N/A
15/08/2006,65.34,66.5,64.8,66.45,30751212,0.322,3.93%,8.5157,N/A,N/A
16/08/2006,67.1,68.07,66.33,67.98,27870521,0.196,2.30%,8.7118,N/A,N/A
17/08/2006,68,68.66,67.18,67.59,20574144,-0.05,-0.57%,8.6618,N/A,N/A
18/08/2006,67.71,68.4,67.26,67.91,19013383,0.041,0.47%,8.7028,N/A,N/A
21/08/2006,67.3,67.31,66.15,66.56,18788662,-0.173,-1.99%,8.5298,N/A,N/A
22/08/2006,66.68,68.32,66.5,67.62,20598980,0.136,1.59%,8.6657,N/A,N/A
23/08/2006,68,68.65,66.94,67.31,19065493,-0.04,-0.46%,8.6259,N/A,N/A
24/08/2006,67.89,68.19,66.27,67.81,23384853,0.064,0.74%,8.69,N/A,N/A
25/08/2006,67.34,69.05,67.31,68.75,19422431,0.12,1.39%,8.8105,N/A,N/A
28/08/2006,68.5,68.61,66.68,66.98,26357585,-0.227,-2.57%,8.5836,N/A,N/A
29/08/2006,66.99,67.26,65.12,66.48,33812315,-0.064,-0.75%,8.5196,N/A,N/A
30/08/2006,67.335,67.82,66.68,66.96,24292398,0.062,0.72%,8.5811,N/A,N/A
31/08/2006,67.28,68.3,66.66,67.85,20517226,0.114,1.33%,8.6951,N/A,N/A
01/09/2006,68.48,68.65,67.82,68.38,14588416,0.068,0.78%,8.7631,N/A,N/A
05/09/2006,68.97,71.5,68.55,71.48,36126843,0.397,4.53%,9.1603,N/A,N/A
06/09/2006,71.08,71.69,69.7,70.03,34777982,-0.186,-2.03%,8.9745,N/A,N/A
07/09/2006,70.6,73.48,70.25,72.8,45279427,0.355,3.96%,9.3295,N/A,N/A
08/09/2006,73.37,73.57,71.91,72.52,31992365,-0.036,-0.38%,9.2936,N/A,N/A
11/09/2006,72.43,73.73,71.42,72.5,33886323,-0.003,-0.03%,9.291,N/A,N/A
12/09/2006,72.81,73.45,71.45,72.63,60160589,0.017,0.18%,9.3077,N/A,N/A
13/09/2006,72.85,74.32,72.3,74.2,40926196,0.201,2.16%,9.5089,N/A,N/A
14/09/2006,73.72,74.67,73.46,74.17,28626488,-0.004,-0.04%,9.5051,N/A,N/A
15/09/2006,74.6,74.98,73.29,74.1,35057405,-0.009,-0.09%,9.4961,N/A,N/A
18/09/2006,73.8,74.86,73.3,73.89,25186400,-0.027,-0.28%,9.4692,N/A,N/A
19/09/2006,74.1,74.36,72.8,73.77,25351341,-0.015,-0.16%,9.4538,N/A,N/A
20/09/2006,74.38,75.68,74.22,75.26,29366730,0.191,2.02%,9.6447,N/A,N/A
21/09/2006,75.25,76.06,74.02,74.65,28351542,-0.078,-0.81%,9.5666,N/A,N/A
22/09/2006,74.3,74.34,72.58,73,23750568,-0.211,-2.21%,9.3551,N/A,N/A
25/09/2006,73.81,75.86,73.72,75.75,30672720,0.352,3.77%,9.7075,N/A,N/A
26/09/2006,76.18,77.78,76.1,77.61,39386678,0.238,2.46%,9.9459,N/A,N/A
27/09/2006,77.17,77.47,75.82,76.41,28901724,-0.154,-1.55%,9.7921,N/A,N/A
28/09/2006,77.02,77.48,75.95,77.01,25811564,0.077,0.79%,9.869,N/A,N/A
29/09/2006,77.11,77.52,76.68,76.98,14469677,-0.004,-0.04%,9.8652,N/A,N/A
02/10/2006,75.1,75.87,74.3,74.86,25436087,-0.272,-2.75%,9.5935,N/A,N/A
03/10/2006,74.45,74.95,73.19,74.07,25406431,-0.101,-1.06%,9.4922,N/A,N/A
04/10/2006,74.1,75.462,73.16,75.38,29523912,0.168,1.77%,9.6601,N/A,N/A
05/10/2006,74.53,76.16,74.13,74.83,24067317,-0.07,-0.73%,9.5896,N/A,N/A
06/10/2006,74.42,75.04,73.81,74.22,16673705,-0.078,-0.82%,9.5115,N/A,N/A
09/10/2006,73.8,75.08,73.53,74.63,15650114,0.053,0.55%,9.564,N/A,N/A
10/10/2006,74.54,74.58,73.08,73.81,18976151,-0.105,-1.10%,9.4589,N/A,N/A
11/10/2006,73.42,73.98,72.6,73.23,20412878,-0.074,-0.79%,9.3846,N/A,N/A
12/10/2006,73.61,75.39,73.6,75.26,21164473,0.26,2.77%,9.6447,N/A,N/A
13/10/2006,75.63,76.88,74.74,75.02,24425387,-0.031,-0.32%,9.614,N/A,N/A
16/10/2006,75.19,75.88,74.789,75.4,18165671,0.049,0.51%,9.6627,N/A,N/A
17/10/2006,75.04,75.27,74.04,74.29,17164053,-0.142,-1.47%,9.5204,N/A,N/A
18/10/2006,74.75,78.59,73.91,74.53,39000858,0.031,0.32%,9.5512,N/A,N/A
19/10/2006,79.26,79.95,78.16,78.99,54034819,0.572,5.98%,10.1228,N/A,N/A
20/10/2006,78.97,79.99,78.67,79.95,22833513,0.123,1.22%,10.2458,N/A,N/A
23/10/2006,79.99,81.9,79.75,81.46,29710054,0.194,1.89%,10.4393,N/A,N/A
24/10/2006,81.21,81.68,80.2,81.05,16528813,-0.053,-0.50%,10.3868,N/A,N/A
25/10/2006,81.35,82,81.01,81.68,17194484,0.081,0.78%,10.4675,N/A,N/A
26/10/2006,81.9,82.6,81.13,82.19,15445645,0.065,0.62%,10.5328,N/A,N/A
27/10/2006,81.75,82.45,80.01,80.41,21237767,-0.228,-2.17%,10.3047,N/A,N/A
30/10/2006,79.985,80.9,79.5,80.42,17851164,0.001,0.01%,10.306,N/A,N/A
31/10/2006,81.45,81.68,80.23,81.08,17893513,0.085,0.82%,10.3906,N/A,N/A
01/11/2006,81.1,81.38,78.36,79.16,21827633,-0.246,-2.37%,10.1445,N/A,N/A
02/11/2006,78.915,79.32,78.5,78.98,16618736,-0.023,-0.23%,10.1215,N/A,N/A
03/11/2006,79.36,79.53,77.79,78.29,15423330,-0.088,-0.87%,10.033,N/A,N/A
06/11/2006,78.95,80.06,78.43,79.71,15196615,0.182,1.81%,10.215,N/A,N/A
07/11/2006,80.45,81,80.13,80.51,18780235,0.103,1.00%,10.3175,N/A,N/A
08/11/2006,80.02,82.69,79.89,82.45,24578731,0.249,2.41%,10.5662,N/A,N/A
09/11/2006,82.9,84.69,82.12,83.34,32958287,0.114,1.08%,10.6802,N/A,N/A
10/11/2006,83.55,83.6,82.5,83.12,13190949,-0.028,-0.26%,10.652,N/A,N/A
13/11/2006,83.22,84.45,82.64,84.35,16091060,0.158,1.48%,10.8097,N/A,N/A
14/11/2006,84.8,85,83.9,85,21030568,0.083,0.77%,10.893,N/A,N/A
15/11/2006,85.05,85.9,84,84.05,23321898,-0.122,-1.12%,10.7712,N/A,N/A
16/11/2006,84.87,86.3,84.62,85.61,24771282,0.2,1.86%,10.9711,N/A,N/A
17/11/2006,85.145,85.94,85,85.85,16603648,0.031,0.28%,11.0019,N/A,N/A
20/11/2006,85.4,87,85.2,86.47,20270253,0.079,0.72%,11.0813,N/A,N/A
21/11/2006,87.42,88.6,87.11,88.6,22214761,0.273,2.46%,11.3543,N/A,N/A
22/11/2006,88.99,90.75,87.85,90.31,23992868,0.219,1.93%,11.5734,N/A,N/A
24/11/2006,89.53,93.08,89.5,91.63,18525011,0.169,1.46%,11.7426,N/A,N/A
27/11/2006,92.51,93.159,89.5,89.54,38356782,-0.268,-2.28%,11.4748,N/A,N/A
28/11/2006,90.36,91.97,89.91,91.81,36995102,0.291,2.54%,11.7657,N/A,N/A
29/11/2006,93,93.15,90.25,91.8,41314871,-0.001,-0.01%,11.7644,N/A,N/A
30/11/2006,92.215,92.68,91.06,91.66,31075101,-0.018,-0.15%,11.7464,N/A,N/A
01/12/2006,91.8,92.33,90.1,91.32,28389296,-0.044,-0.37%,11.7029,N/A,N/A
04/12/2006,91.88,92.05,90.5,91.12,25340575,-0.026,-0.22%,11.6772,N/A,N/A
05/12/2006,91.655,92.33,90.87,91.27,23665289,0.019,0.16%,11.6965,N/A,N/A
06/12/2006,90.645,91.39,89.67,89.83,22763232,-0.185,-1.58%,11.5119,N/A,N/A
07/12/2006,90.025,90.5,86.9,87.04,35880187,-0.358,-3.11%,11.1544,N/A,N/A
08/12/2006,87.23,89.39,87,88.26,28000805,0.156,1.40%,11.3107,N/A,N/A
11/12/2006,88.9,89.3,88.05,88.75,17714328,0.063,0.56%,11.3735,N/A,N/A
12/12/2006,88.61,88.84,85.53,86.14,36927165,-0.334,-2.94%,11.039,N/A,N/A
13/12/2006,87.95,89.07,87.15,89.05,30550739,0.373,3.38%,11.412,N/A,N/A
14/12/2006,89.05,90,88.26,88.55,29699654,-0.064,-0.56%,11.3479,N/A,N/A
15/12/2006,89.02,89.22,87.33,87.72,26388250,-0.106,-0.94%,11.2415,N/A,N/A
18/12/2006,87.625,88,84.59,85.47,25763401,-0.288,-2.56%,10.9532,N/A,N/A
19/12/2006,84.73,86.68,83.62,86.31,32519476,0.108,0.98%,11.0608,N/A,N/A
20/12/2006,86.47,86.67,84.74,84.76,20285100,-0.199,-1.80%,10.8622,N/A,N/A
21/12/2006,84.6956,85.48,82.2,82.9,32230205,-0.238,-2.19%,10.6238,N/A,N/A
22/12/2006,83.46,84.0391,81.6,82.2,21897783,-0.09,-0.84%,10.5341,N/A,N/A
26/12/2006,82.15,82.57,80.89,81.51,17504071,-0.088,-0.84%,10.4457,N/A,N/A
27/12/2006,78.15,82,76.77,81.52,69076518,0.001,0.01%,10.447,N/A,N/A
28/12/2006,80.22,81.25,79.65,80.87,39988591,-0.083,-0.80%,10.3637,N/A,N/A
29/12/2006,83.95,85.4,83.36,84.84,38390415,0.509,4.91%,10.8724,N/A,N/A
03/01/2007,86.29,86.58,81.9,83.8,44064648,-0.133,-1.23%,10.7392,N/A,N/A
04/01/2007,84.05,85.95,83.82,85.66,30249650,0.238,2.22%,10.9775,N/A,N/A
05/01/2007,85.77,86.2,84.4,85.05,29789574,-0.078,-0.71%,10.8994,N/A,N/A
08/01/2007,85.96,86.53,85.28,85.47,28446339,0.054,0.49%,10.9532,N/A,N/A
09/01/2007,86.45,92.98,85.15,92.57,119535857,0.91,8.31%,11.8631,N/A,N/A
10/01/2007,94.75,97.8,93.45,97,105087908,0.568,4.79%,12.4308,N/A,N/A
11/01/2007,95.94,96.78,95.1,95.8,51425883,-0.154,-1.24%,12.277,N/A,N/A
12/01/2007,94.59,95.06,93.23,94.62,46870715,-0.151,-1.23%,12.1258,N/A,N/A
16/01/2007,95.68,97.25,95.45,97.1,44400642,0.318,2.62%,12.4436,N/A,N/A
17/01/2007,97.56,97.6,94.82,94.95,54978850,-0.276,-2.21%,12.1681,N/A,N/A
18/01/2007,92.1,92.11,89.05,89.07,84412062,-0.754,-6.19%,11.4145,N/A,N/A
19/01/2007,88.63,89.65,88.12,88.5,48619182,-0.073,-0.64%,11.3415,N/A,N/A
22/01/2007,89.14,89.16,85.65,86.79,51546583,-0.219,-1.93%,11.1223,N/A,N/A
23/01/2007,85.73,87.51,85.51,85.7,43104929,-0.14,-1.26%,10.9827,N/A,N/A
24/01/2007,86.68,87.15,86.08,86.7,33127884,0.128,1.17%,11.1108,N/A,N/A
25/01/2007,87.111,88.5,86.03,86.25,32348634,-0.058,-0.52%,11.0531,N/A,N/A
26/01/2007,87.115,87.37,84.99,85.38,35228163,-0.111,-1.01%,10.9416,N/A,N/A
29/01/2007,86.3,86.65,85.53,85.94,32192781,0.072,0.66%,11.0134,N/A,N/A
30/01/2007,86.43,86.49,85.25,85.55,20603265,-0.05,-0.45%,10.9634,N/A,N/A
31/01/2007,84.86,86,84.35,85.73,30487740,0.023,0.21%,10.9865,N/A,N/A
01/02/2007,86.23,86.27,84.74,84.74,23671834,-0.127,-1.15%,10.8596,N/A,N/A
02/02/2007,84.12,85.25,83.7,84.75,22192616,0.001,0.01%,10.8609,N/A,N/A
05/02/2007,84.3,85.23,83.94,83.94,20668021,-0.104,-0.96%,10.7571,N/A,N/A
06/02/2007,84.45,84.47,82.86,84.15,30847038,0.027,0.25%,10.784,N/A,N/A
07/02/2007,84.48,86.38,83.55,86.15,37943211,0.256,2.38%,11.0403,N/A,N/A
08/02/2007,85.43,86.51,85.41,86.18,24237803,0.004,0.03%,11.0442,N/A,N/A
09/02/2007,85.88,86.2,83.21,83.27,30716757,-0.373,-3.38%,10.6712,N/A,N/A
12/02/2007,84.43,85.18,83.63,84.88,25834474,0.206,1.93%,10.8776,N/A,N/A
13/02/2007,85.16,85.29,84.3,84.7,20583614,-0.023,-0.21%,10.8545,N/A,N/A
14/02/2007,84.63,85.64,84.57,85.3,18134636,0.077,0.71%,10.9314,N/A,N/A
15/02/2007,85.44,85.62,84.78,85.21,12986136,-0.012,-0.11%,10.9199,N/A,N/A
16/02/2007,85.25,85.41,84.66,84.83,13603122,-0.049,-0.45%,10.8712,N/A,N/A
20/02/2007,84.65,86.16,84.16,85.9,22053073,0.137,1.26%,11.0083,N/A,N/A
21/02/2007,85.98,89.49,85.96,89.2,41222077,0.423,3.84%,11.4312,N/A,N/A
22/02/2007,90.8,90.81,88.53,89.51,29932038,0.04,0.35%,11.4709,N/A,N/A
23/02/2007,89.16,90.34,88.85,89.07,18487924,-0.056,-0.49%,11.4145,N/A,N/A
26/02/2007,89.84,90,87.61,88.65,21995439,-0.054,-0.47%,11.3607,N/A,N/A
27/02/2007,86.3,87.08,83.41,83.93,40879766,-0.605,-5.32%,10.7558,N/A,N/A
28/02/2007,83,85.6,83,84.61,32835455,0.087,0.81%,10.843,N/A,N/A
01/03/2007,84.03,88.31,83.75,87.06,50551554,0.314,2.90%,11.1569,N/A,N/A
02/03/2007,86.77,87.54,85.21,85.41,30707518,-0.211,-1.90%,10.9455,N/A,N/A
05/03/2007,85.89,88.65,85.76,86.3199,29519764,0.117,1.07%,11.0621,N/A,N/A
06/03/2007,87.8,88.31,87.4,88.19,25781854,0.24,2.17%,11.3018,N/A,N/A
07/03/2007,88.05,88.97,87.45,87.72,22185836,-0.06,-0.53%,11.2415,N/A,N/A
08/03/2007,88.59,88.72,87.46,88,18242880,0.036,0.32%,11.2774,N/A,N/A
09/03/2007,88.8,88.85,87.4,87.97,16075086,-0.004,-0.03%,11.2736,N/A,N/A
12/03/2007,88.07,89.99,87.99,89.87,26034924,0.243,2.16%,11.5171,N/A,N/A
13/03/2007,89.41,90.6,88.4,88.4,30975358,-0.188,-1.64%,11.3287,N/A,N/A
14/03/2007,88.6,90,87.92,90,28418401,0.205,1.81%,11.5337,N/A,N/A
15/03/2007,89.96,90.36,89.31,89.57,19961733,-0.055,-0.48%,11.4786,N/A,N/A
16/03/2007,89.538,89.99,89.32,89.59,20385397,0.003,0.02%,11.4812,N/A,N/A
19/03/2007,90.24,91.55,89.59,91.13,25452648,0.197,1.72%,11.6785,N/A,N/A
20/03/2007,91.35,91.84,91.06,91.48,17455151,0.045,0.38%,11.7234,N/A,N/A
21/03/2007,91.99,94,91.65,93.87,24529104,0.306,2.61%,12.0297,N/A,N/A
22/03/2007,93.73,94.36,93,93.96,20050213,0.012,0.10%,12.0412,N/A,N/A
23/03/2007,93.35,94.07,93.3,93.52,16101388,-0.056,-0.47%,11.9848,N/A,N/A
26/03/2007,93.99,95.9,93.3,95.85,30755968,0.299,2.49%,12.2834,N/A,N/A
27/03/2007,95.71,96.83,95,95.46,32981687,-0.05,-0.41%,12.2334,N/A,N/A
28/03/2007,94.88,95.4,93.15,93.24,33856908,-0.284,-2.33%,11.9489,N/A,N/A
29/03/2007,94.19,94.19,92.23,93.75,25908416,0.065,0.55%,12.0143,N/A,N/A
30/03/2007,94.28,94.68,92.75,92.91,21445452,-0.108,-0.90%,11.9066,N/A,N/A
02/04/2007,94.14,94.25,93.02,93.65,17909572,0.095,0.80%,12.0015,N/A,N/A
03/04/2007,94.14,95.23,93.76,94.5,20846148,0.109,0.91%,12.1104,N/A,N/A
04/04/2007,94.94,95.14,94.13,94.27,17006420,-0.029,-0.24%,12.0809,N/A,N/A
05/04/2007,94.12,94.68,93.52,94.68,12694786,0.053,0.43%,12.1335,N/A,N/A
09/04/2007,95.21,95.3,93.04,93.65,14759384,-0.132,-1.09%,12.0015,N/A,N/A
10/04/2007,93.67,94.258,93.41,94.25,12587789,0.077,0.64%,12.0784,N/A,N/A
11/04/2007,93.9,93.95,92.33,92.59,19589644,-0.213,-1.76%,11.8656,N/A,N/A
12/04/2007,92.04,92.31,90.72,92.19,23298325,-0.051,-0.43%,11.8144,N/A,N/A
13/04/2007,90.9,91.4001,90.0599,90.24,25695716,-0.25,-2.12%,11.5645,N/A,N/A
16/04/2007,90.57,91.5,90.25,91.43,21322050,0.152,1.32%,11.717,N/A,N/A
17/04/2007,92,92.3,89.7,90.35,26843351,-0.138,-1.18%,11.5786,N/A,N/A
18/04/2007,90.16,90.85,89.6,90.4,16566295,0.006,0.06%,11.585,N/A,N/A
19/04/2007,90.19,91.25,89.83,90.27,15207898,-0.017,-0.14%,11.5683,N/A,N/A
20/04/2007,90.889,91.18,90.55,90.97,18707500,0.09,0.78%,11.658,N/A,N/A
23/04/2007,91.585,93.8,91.42,93.51,27866631,0.326,2.79%,11.9835,N/A,N/A
24/04/2007,93.96,96.39,91.3,93.24,37673038,-0.035,-0.29%,11.9489,N/A,N/A
25/04/2007,94.23,95.4,93.8,95.348,41135113,0.27,2.26%,12.2191,N/A,N/A
26/04/2007,101.58,102.5,98.3,98.84,62037413,0.448,3.66%,12.6666,N/A,N/A
27/04/2007,98.18,99.95,97.69,99.92,24976917,0.138,1.09%,12.805,N/A,N/A
30/04/2007,100.09,101,99.67,99.8,21999605,-0.015,-0.12%,12.7896,N/A,N/A
01/05/2007,99.59,100.35,98.55,99.47,19014345,-0.042,-0.33%,12.7473,N/A,N/A
02/05/2007,99.65,100.54,99.47,100.39,18040257,0.118,0.92%,12.8652,N/A,N/A
03/05/2007,100.73,101.45,100.01,100.4,20572222,0.001,0.01%,12.8665,N/A,N/A
04/05/2007,100.8,101.6,100.5,100.81,13642327,0.053,0.41%,12.919,N/A,N/A
07/05/2007,101.08,104.35,101.01,103.92,30765511,0.399,3.09%,13.3176,N/A,N/A
08/05/2007,101.08,105.15,103.42,105.06,27999148,0.146,1.10%,13.4637,N/A,N/A
09/05/2007,104.91,106.96,104.89,106.88,25626232,0.233,1.73%,13.6969,N/A,N/A
10/05/2007,106.63,108.84,105.92,107.34,42751471,0.059,0.43%,13.7559,N/A,N/A
11/05/2007,107.74,109.13,106.78,108.74,23258278,0.179,1.30%,13.9353,N/A,N/A
14/05/2007,109.62,110,108.25,109.36,23283156,0.079,0.57%,14.0147,N/A,N/A
15/05/2007,109.57,110.2,106.48,107.52,34088562,-0.236,-1.68%,13.7789,N/A,N/A
16/05/2007,108.53,108.83,103.42,107.34,40242176,-0.023,-0.17%,13.7559,N/A,N/A
17/05/2007,107.15,109.87,107.15,109.44,26254369,0.269,1.96%,14.025,N/A,N/A
18/05/2007,110.23,110.64,109.77,110.02,22167764,0.074,0.53%,14.0993,N/A,N/A
21/05/2007,110.31,112.45,110.05,111.98,22853248,0.251,1.78%,14.3505,N/A,N/A
22/05/2007,112.49,113.75,112.01,113.54,20442342,0.2,1.39%,14.5504,N/A,N/A
23/05/2007,114.02,115,112.59,112.89,32542197,-0.083,-0.57%,14.4671,N/A,N/A
24/05/2007,112.81,114.46,110.37,110.69,31688672,-0.282,-1.95%,14.1852,N/A,N/A
25/05/2007,112,113.78,111.5,113.62,22599431,0.375,2.65%,14.5607,N/A,N/A
29/05/2007,114.45,114.86,112.69,114.35,23034597,0.094,0.64%,14.6542,N/A,N/A
30/05/2007,114.3,118.88,113.53,118.77,52788213,0.566,3.87%,15.2207,N/A,N/A
31/05/2007,120.07,122.17,119.541,121.191,46198965,0.31,2.04%,15.5309,N/A,N/A
01/06/2007,121.1,121.19,118.29,118.4,31561746,-0.358,-2.30%,15.1732,N/A,N/A
04/06/2007,118.63,121.73,117.9,121.33,31643782,0.375,2.47%,15.5487,N/A,N/A
05/06/2007,121.41,122.69,120.5,122.67,32567176,0.172,1.10%,15.7204,N/A,N/A
06/06/2007,122.3,124.05,121.95,123.64,39712359,0.124,0.79%,15.8448,N/A,N/A
07/06/2007,124.99,127.61,123.19,124.069,68420217,0.055,0.35%,15.8997,N/A,N/A
08/06/2007,125.825,125.83,122.29,124.49,44305135,0.054,0.34%,15.9537,N/A,N/A
11/06/2007,126,126.15,119.54,120.19,66932644,-0.551,-3.45%,15.4026,N/A,N/A
12/06/2007,119.35,121.71,118.31,120.38,50913545,0.024,0.16%,15.427,N/A,N/A
13/06/2007,121.15,121.19,115.4,117.5,61472551,-0.369,-2.39%,15.0579,N/A,N/A
14/06/2007,117.2,119.45,116.42,118.75,34757034,0.16,1.06%,15.2181,N/A,N/A
15/06/2007,120.62,120.67,119.86,120.5,28996250,0.224,1.47%,15.4424,N/A,N/A
18/06/2007,123.28,125.18,122.54,125.09,32553503,0.588,3.81%,16.0306,N/A,N/A
19/06/2007,124.69,125.01,122.91,123.66,33315351,-0.183,-1.14%,15.8473,N/A,N/A
20/06/2007,123.87,124.66,121.5,121.55,32039539,-0.27,-1.71%,15.5769,N/A,N/A
21/06/2007,121.7,124.29,120.72,123.9,30950293,0.301,1.93%,15.8781,N/A,N/A
22/06/2007,123.85,124.45,122.38,123,22533022,-0.115,-0.73%,15.7627,N/A,N/A
25/06/2007,124.19,125.09,121.06,122.34,34468200,-0.085,-0.54%,15.6782,N/A,N/A
26/06/2007,123.98,124,118.72,119.65,47374005,-0.345,-2.20%,15.3334,N/A,N/A
27/06/2007,120.61,122.04,119.26,121.89,34809744,0.287,1.87%,15.6205,N/A,N/A
28/06/2007,122.36,122.49,120,120.56,29865558,-0.17,-1.09%,15.4501,N/A,N/A
29/06/2007,121.97,124,121.09,122.04,40502614,0.19,1.23%,15.6397,N/A,N/A
02/07/2007,121.05,122.09,119.3,121.26,35521078,-0.1,-0.64%,15.5398,N/A,N/A
03/07/2007,122,127.4,121.5,127.17,41504299,0.757,4.87%,16.2971,N/A,N/A
05/07/2007,128.8,132.97,128.69,132.75,51694930,0.715,4.39%,17.0122,N/A,N/A
06/07/2007,133.13,133.34,130.4,132.3,31004006,-0.058,-0.34%,16.9546,N/A,N/A
09/07/2007,132.38,132.9,129.18,130.3301,35515958,-0.252,-1.49%,16.7021,N/A,N/A
10/07/2007,128.88,134.5,128.81,132.35,44767484,0.259,1.55%,16.961,N/A,N/A
11/07/2007,132.07,133.7,131.31,132.39,29302383,0.005,0.03%,16.9661,N/A,N/A
12/07/2007,133.85,134.24,132.39,134.0699,25150190,0.215,1.27%,17.1814,N/A,N/A
13/07/2007,135.03,137.85,134.52,137.73,32380018,0.469,2.73%,17.6504,N/A,N/A
16/07/2007,138.39,139.98,137.5,138.1,33411681,0.047,0.27%,17.6978,N/A,N/A
17/07/2007,138.3,139.6,137.5,138.9099,25301995,0.104,0.59%,17.8016,N/A,N/A
18/07/2007,138.19,138.44,136.04,138.12,27026394,-0.101,-0.57%,17.7004,N/A,N/A
19/07/2007,140.3,140.81,139.65,140,26124171,0.241,1.36%,17.9413,N/A,N/A
20/07/2007,141.65,144.18,140,143.75,41521874,0.481,2.68%,18.4219,N/A,N/A
23/07/2007,143.31,145.22,140.93,143.7,36935345,-0.006,-0.03%,18.4155,N/A,N/A
24/07/2007,138.88,141,134.15,134.8899,64054706,-1.129,-6.13%,17.2865,N/A,N/A
25/07/2007,137.35,138.36,135,137.26,51524109,0.304,1.76%,17.5902,N/A,N/A
26/07/2007,145.87,148.5,136.96,146,78074857,1.12,6.37%,18.7102,N/A,N/A
27/07/2007,146.19,148.92,143.78,143.85,41349695,-0.276,-1.47%,18.4347,N/A,N/A
30/07/2007,144.33,145.45,139.57,141.43,39529946,-0.31,-1.68%,18.1246,N/A,N/A
31/07/2007,142.97,143.48,131.52,131.76,62787471,-1.239,-6.84%,16.8854,N/A,N/A
01/08/2007,133.64,135.38,127.77,135,62449699,0.415,2.46%,17.3006,N/A,N/A
02/08/2007,136.65,136.96,134.15,136.49,30431400,0.191,1.10%,17.4915,N/A,N/A
03/08/2007,135.26,135.95,131.5,131.8499,24195384,-0.595,-3.40%,16.8969,N/A,N/A
06/08/2007,132.9,135.27,128.3,135.25,32991984,0.436,2.58%,17.3326,N/A,N/A
07/08/2007,134.94,137.24,132.63,135.0301,33888247,-0.028,-0.16%,17.3044,N/A,N/A
08/08/2007,136.76,136.86,132,134.01,28817621,-0.131,-0.76%,17.1737,N/A,N/A
09/08/2007,131.11,133,125.09,126.39,40070804,-0.977,-5.69%,16.1972,N/A,N/A
10/08/2007,123.12,127.75,120.3,125,50333126,-0.178,-1.10%,16.019,N/A,N/A
13/08/2007,128.33,129.35,126.5,127.79,26873099,0.358,2.23%,16.3766,N/A,N/A
14/08/2007,128.29,128.3,123.71,124.03,26286607,-0.482,-2.94%,15.8947,N/A,N/A
15/08/2007,122.74,124.86,119.65,119.9,35383990,-0.529,-3.33%,15.3655,N/A,N/A
16/08/2007,117.01,118.5,111.62,117.05,66474501,-0.365,-2.38%,15.0002,N/A,N/A
17/08/2007,122.01,123.5,119.82,122.06,42639745,0.642,4.28%,15.6423,N/A,N/A
20/08/2007,123.96,124.5,120.5,122.22,28678930,0.021,0.13%,15.6628,N/A,N/A
21/08/2007,122.21,128.96,121,127.57,46414644,0.686,4.38%,16.3484,N/A,N/A
22/08/2007,131.22,132.75,130.33,132.51,37461458,0.633,3.87%,16.9815,N/A,N/A
23/08/2007,133.09,133.34,129.76,131.07,30919515,-0.185,-1.09%,16.7969,N/A,N/A
24/08/2007,130.53,135.37,129.81,135.3,32508382,0.542,3.23%,17.339,N/A,N/A
27/08/2007,133.3907,134.66,132.1,132.25,25223662,-0.391,-2.25%,16.9482,N/A,N/A
28/08/2007,130.99,132.41,126.63,126.82,42028689,-0.696,-4.11%,16.2523,N/A,N/A
29/08/2007,129.88,134.18,129.54,134.08,41620984,0.93,5.72%,17.1827,N/A,N/A
30/08/2007,132.67,138.25,132.3,136.25,51209629,0.278,1.62%,17.4608,N/A,N/A
31/08/2007,139.49,139.65,137.41,138.48,31255037,0.286,1.64%,17.7465,N/A,N/A
04/09/2007,139.94,145.73,139.84,144.16,46820726,0.728,4.10%,18.4744,N/A,N/A
05/09/2007,144.97,145.84,136.1,136.76,82839700,-0.948,-5.13%,17.5261,N/A,N/A
06/09/2007,135.57,137.57,132.71,135.01,67804787,-0.224,-1.28%,17.3019,N/A,N/A
07/09/2007,132.01,132.3,130,131.77,51034833,-0.415,-2.40%,16.8866,N/A,N/A
10/09/2007,137,138.04,133.95,136.71,53056925,0.633,3.75%,17.5197,N/A,N/A
11/09/2007,137.9,138.3,133.75,135.49,34620030,-0.156,-0.89%,17.3634,N/A,N/A
12/09/2007,135.99,139.4,135.75,136.85,36438437,0.174,1.00%,17.5377,N/A,N/A
13/09/2007,138.83,139,136.65,137.2,23389862,0.045,0.26%,17.5825,N/A,N/A
14/09/2007,136.57,138.98,136.2,138.81,21654650,0.206,1.17%,17.7888,N/A,N/A
17/09/2007,138.99,140.59,137.6,138.41,28274035,-0.051,-0.29%,17.7376,N/A,N/A
18/09/2007,139.05,142.85,137.83,140.92,37911256,0.322,1.81%,18.0592,N/A,N/A
19/09/2007,143.02,143.16,139.4,140.7699,36621395,-0.019,-0.11%,18.04,N/A,N/A
20/09/2007,140.15,141.79,139.32,140.31,24571365,-0.059,-0.33%,17.9811,N/A,N/A
21/09/2007,141.14,144.65,140.31,144.15,40618973,0.492,2.74%,18.4732,N/A,N/A
24/09/2007,146.73,149.85,146.65,148.28,37445534,0.529,2.87%,19.0024,N/A,N/A
25/09/2007,146.84,153.22,146.82,153.18,42432116,0.628,3.30%,19.6304,N/A,N/A
26/09/2007,154.47,155,151.25,152.77,34708127,-0.053,-0.27%,19.5778,N/A,N/A
27/09/2007,153.77,154.52,152.32,154.5,23423984,0.222,1.13%,19.7995,N/A,N/A
28/09/2007,153.44,154.6,152.75,153.47,21909563,-0.132,-0.67%,19.6675,N/A,N/A
01/10/2007,154.63,157.41,152.93,156.339,29823281,0.368,1.87%,20.0352,N/A,N/A
02/10/2007,156.55,158.59,155.89,158.45,28239365,0.271,1.35%,20.3057,N/A,N/A
03/10/2007,157.78,159.18,157.01,157.9201,24691048,-0.068,-0.33%,20.2378,N/A,N/A
04/10/2007,158,158.08,153.5,156.24,23394970,-0.215,-1.06%,20.0225,N/A,N/A
05/10/2007,158.36,161.58,157.7,161.4499,33440168,0.668,3.33%,20.6902,N/A,N/A
08/10/2007,163.49,167.91,162.97,167.91,29791115,0.828,4.00%,21.5181,N/A,N/A
09/10/2007,170.2,171.11,166.68,167.86,39408730,-0.006,-0.03%,21.5117,N/A,N/A
10/10/2007,167.55,167.88,165.6,166.79,23775298,-0.137,-0.64%,21.3745,N/A,N/A
11/10/2007,169.49,171.88,153.21,162.23,58282435,-0.584,-2.73%,20.7902,N/A,N/A
12/10/2007,163.01,167.28,161.8,167.2537,35236870,0.644,3.10%,21.434,N/A,N/A
15/10/2007,167.98,169.57,163.5,166.98,38449042,-0.035,-0.16%,21.3989,N/A,N/A
16/10/2007,165.54,170.18,165.15,169.58,37913720,0.333,1.56%,21.7321,N/A,N/A
17/10/2007,172.69,173.04,169.18,172.75,40038453,0.406,1.87%,22.1383,N/A,N/A
18/10/2007,171.5,174.19,171.05,173.5,29256234,0.096,0.43%,22.2344,N/A,N/A
19/10/2007,174.24,174.63,170,170.42,46047582,-0.395,-1.78%,21.8397,N/A,N/A
22/10/2007,170.35,174.9,169.9601,174.36,55110593,0.505,2.31%,22.3446,N/A,N/A
23/10/2007,188.56,188.6,182.76,186.16,63967251,1.512,6.77%,23.8568,N/A,N/A
24/10/2007,185.81,187.21,179.24,185.93,45909736,-0.029,-0.12%,23.8274,N/A,N/A
25/10/2007,184.87,185.9,181.66,182.78,34663592,-0.404,-1.69%,23.4237,N/A,N/A
26/10/2007,185.29,185.37,182.88,184.7,25216930,0.246,1.05%,23.6697,N/A,N/A
29/10/2007,185.7,186.59,184.7,185.09,19276312,0.05,0.21%,23.7197,N/A,N/A
30/10/2007,186.18,189.37,184.73,187,33477588,0.245,1.03%,23.9645,N/A,N/A
31/10/2007,187.63,190.12,184.95,189.95,29487833,0.378,1.58%,24.3425,N/A,N/A
01/11/2007,188.6,190.1,180,187.44,28621877,-0.322,-1.32%,24.0209,N/A,N/A
02/11/2007,189.21,189.44,183.49,187.87,35762765,0.055,0.23%,24.076,N/A,N/A
05/11/2007,185.29,188.96,184.24,186.18,28684717,-0.217,-0.90%,23.8594,N/A,N/A
06/11/2007,187.05,192,185.27,191.79,34048530,0.719,3.01%,24.5783,N/A,N/A
07/11/2007,190.61,192.68,186.13,186.2999,35373771,-0.704,-2.86%,23.8748,N/A,N/A
08/11/2007,186.67,186.9,167.77,175.4663,67413147,-1.388,-5.82%,22.4864,N/A,N/A
09/11/2007,171.15,175.12,165.21,165.37,54417246,-1.294,-5.75%,21.1926,N/A,N/A
12/11/2007,165.28,167.7,150.63,153.76,63029153,-1.488,-7.02%,19.7047,N/A,N/A
13/11/2007,160.85,170.98,153.76,169.96,62024914,2.076,10.54%,21.7808,N/A,N/A
14/11/2007,177.16,177.57,163.74,166.11,51656762,-0.493,-2.27%,21.2874,N/A,N/A
15/11/2007,166.39,169.59,160.3,164.3,52797096,-0.232,-1.09%,21.0554,N/A,N/A
16/11/2007,165.3,167.02,159.33,166.39,49355392,0.268,1.27%,21.3233,N/A,N/A
19/11/2007,166.1,168.2,162.1,163.95,41175060,-0.313,-1.47%,21.0106,N/A,N/A
20/11/2007,165.67,171.79,163.53,168.85,55046752,0.628,2.99%,21.6385,N/A,N/A
21/11/2007,165.84,172.35,164.67,168.46,43471809,-0.05,-0.23%,21.5885,N/A,N/A
23/11/2007,172,172.05,169.75,171.54,16623955,0.395,1.83%,21.9833,N/A,N/A
26/11/2007,173.59,177.2699,172.35,172.5419,46612507,0.128,0.58%,22.1117,N/A,N/A
27/11/2007,175.22,175.79,170.01,174.81,46979276,0.291,1.31%,22.4023,N/A,N/A
28/11/2007,176.82,180.6,175.35,180.22,40896021,0.693,3.09%,23.0956,N/A,N/A
29/11/2007,179.43,185.17,179.15,184.29,37533058,0.522,2.26%,23.6172,N/A,N/A
30/11/2007,187.34,187.7,179.7,182.22,42421483,-0.265,-1.12%,23.3519,N/A,N/A
03/12/2007,181.86,184.14,177.7,178.86,34338178,-0.431,-1.84%,22.9213,N/A,N/A
04/12/2007,177.15,180.9,176.99,179.81,27635681,0.122,0.53%,23.0431,N/A,N/A
05/12/2007,182.89,186,182.41,185.5,31871473,0.729,3.16%,23.7723,N/A,N/A
06/12/2007,186.19,190.1,186.12,189.9528,32159573,0.571,2.40%,24.3429,N/A,N/A
07/12/2007,190.54,194.99,188.04,194.3,38073707,0.557,2.29%,24.9,N/A,N/A
10/12/2007,193.59,195.66,192.69,194.21,25799130,-0.012,-0.05%,24.8885,N/A,N/A
11/12/2007,194.75,196.83,187.39,188.5404,39675869,-0.727,-2.92%,24.1619,N/A,N/A
12/12/2007,193.44,194.48,185.76,190.86,43773562,0.297,1.23%,24.4592,N/A,N/A
13/12/2007,190.19,192.12,187.82,191.83,30925621,0.124,0.51%,24.5835,N/A,N/A
14/12/2007,190.37,200,189.54,190.39,24092389,-0.185,-0.75%,24.3989,N/A,N/A
17/12/2007,190.72,192.65,182.98,184.4,36596134,-0.768,-3.15%,23.6313,N/A,N/A
18/12/2007,186.52,187.33,178.6,182.98,43664353,-0.182,-0.77%,23.4493,N/A,N/A
19/12/2007,182.98,184.6394,180.9,183.12,29552784,0.018,0.08%,23.4673,N/A,N/A
20/12/2007,185.43,187.83,183.33,187.21,27644803,0.524,2.23%,23.9914,N/A,N/A
21/12/2007,190.12,193.9125,189.89,193.91,35544882,0.859,3.58%,24.85,N/A,N/A
24/12/2007,195.03,199.33,194.79,198.8,17152410,0.627,2.52%,25.4767,N/A,N/A
26/12/2007,199.01,200.96,196.82,198.95,25133289,0.019,0.08%,25.4959,N/A,N/A
27/12/2007,198.95,202.96,197.8,198.57,28411624,-0.049,-0.19%,25.4472,N/A,N/A
28/12/2007,200.59,201.56,196.8801,199.83,24987398,0.161,0.63%,25.6087,N/A,N/A
31/12/2007,199.5,200.5,197.75,198.08,19261842,-0.224,-0.88%,25.3844,N/A,N/A
02/01/2008,199.27,200.26,192.55,194.84,38542020,-0.415,-1.64%,24.9692,N/A,N/A
03/01/2008,195.41,197.39,192.69,194.93,30073780,0.012,0.05%,24.9807,N/A,N/A
04/01/2008,191.45,193,178.89,180.05,51993904,-1.907,-7.63%,23.0738,N/A,N/A
07/01/2008,181.25,183.6,170.23,177.64,74006846,-0.309,-1.34%,22.765,N/A,N/A
08/01/2008,180.14,182.46,170.8,171.25,54421984,-0.819,-3.60%,21.9461,N/A,N/A
09/01/2008,171.3,179.5,168.3,179.4,64840673,1.044,4.76%,22.9905,N/A,N/A
10/01/2008,177.58,181,175.41,178.02,52963350,-0.177,-0.77%,22.8137,N/A,N/A
11/01/2008,176,177.85,170,172.69,44010111,-0.683,-2.99%,22.1306,N/A,N/A
14/01/2008,177.52,179.42,175.17,178.78,39301774,0.78,3.53%,22.9111,N/A,N/A
15/01/2008,177.72,179.22,164.66,169.04,83937922,-1.248,-5.45%,21.6629,N/A,N/A
16/01/2008,165.23,169.01,156.7,159.64,79191989,-1.205,-5.56%,20.4582,N/A,N/A
17/01/2008,161.51,165.36,158.42,160.89,62853413,0.16,0.78%,20.6184,N/A,N/A
18/01/2008,161.71,165.75,159.61,161.36,61583651,0.06,0.29%,20.6787,N/A,N/A
22/01/2008,148.06,159.98,146,155.64,86963480,-0.733,-3.54%,19.9456,N/A,N/A
23/01/2008,136.19,140,126.14,139.072,120466292,-2.123,-10.65%,17.8224,N/A,N/A
24/01/2008,139.99,140.7,132.01,135.6,71638013,-0.445,-2.50%,17.3775,N/A,N/A
25/01/2008,138.99,139.09,129.61,130.01,55526314,-0.716,-4.12%,16.6611,N/A,N/A
28/01/2008,128.16,133.2,126.45,130.01,52672974,0,0.00%,16.6611,N/A,N/A
29/01/2008,131.15,132.79,129.05,131.54,39285086,0.196,1.18%,16.8572,N/A,N/A
30/01/2008,131.37,135.45,130,132.18,44394619,0.082,0.49%,16.9392,N/A,N/A
31/01/2008,129.45,136.65,129.4,135.36,48059713,0.408,2.41%,17.3467,N/A,N/A
01/02/2008,136.24,136.59,132.18,133.75,36097982,-0.206,-1.19%,17.1404,N/A,N/A
04/02/2008,134.21,135.9,131.42,131.65,32115481,-0.269,-1.57%,16.8713,N/A,N/A
05/02/2008,130.43,134,128.9,129.36,40751491,-0.293,-1.74%,16.5778,N/A,N/A
06/02/2008,130.83,131.92,121.77,122,56188205,-0.943,-5.69%,15.6346,N/A,N/A
07/02/2008,119.97,124.78,117.27,121.24,74450275,-0.097,-0.62%,15.5372,N/A,N/A
08/02/2008,122.08,125.7,121.6,125.48,48427520,0.543,3.50%,16.0806,N/A,N/A
11/02/2008,128.01,129.98,127.2,129.45,42908217,0.509,3.16%,16.5893,N/A,N/A
12/02/2008,130.7,131,123.62,124.86,43784943,-0.588,-3.55%,16.0011,N/A,N/A
13/02/2008,126.68,129.78,125.63,129.4,34590469,0.582,3.64%,16.5829,N/A,N/A
14/02/2008,129.4,130.8,127.01,127.46,34080728,-0.249,-1.50%,16.3343,N/A,N/A
15/02/2008,126.27,127.08,124.06,124.63,32189246,-0.363,-2.22%,15.9716,N/A,N/A
19/02/2008,125.99,126.75,121.44,122.18,35894478,-0.314,-1.97%,15.6577,N/A,N/A
20/02/2008,122.2,124.6,121.68,123.82,34551356,0.21,1.34%,15.8678,N/A,N/A
21/02/2008,126.05,126.47,120.86,121.54,33504078,-0.292,-1.84%,15.5756,N/A,N/A
22/02/2008,122.48,122.51,115.87,119.46,54638437,-0.267,-1.71%,15.3091,N/A,N/A
25/02/2008,118.59,120.17,116.664,119.74,44832874,0.036,0.23%,15.345,N/A,N/A
26/02/2008,117.64,121.09,115.44,119.15,53745939,-0.076,-0.49%,15.2694,N/A,N/A
27/02/2008,118.23,123.05,118.09,122.96,52683413,0.488,3.20%,15.7576,N/A,N/A
28/02/2008,127.2,132.2,125.77,129.91,57794704,0.891,5.65%,16.6483,N/A,N/A
29/02/2008,129.75,130.21,124.8,125.02,44838544,-0.627,-3.76%,16.0216,N/A,N/A
03/03/2008,124.44,125.98,118,121.73,56920466,-0.422,-2.63%,15.6,N/A,N/A
04/03/2008,121.99,124.88,120.4,124.62,63763682,0.37,2.37%,15.9703,N/A,N/A
05/03/2008,123.58,125.14,122.25,124.4899,43636940,-0.017,-0.10%,15.9537,N/A,N/A
06/03/2008,124.4899,127.5,120.81,120.93,52632054,-0.456,-2.86%,15.4975,N/A,N/A
07/03/2008,120.41,122.9799,119.05,122.25,43953695,0.169,1.09%,15.6666,N/A,N/A
10/03/2008,121.98,123.46,119.37,119.69,35739047,-0.328,-2.09%,15.3386,N/A,N/A
11/03/2008,124.1,127.48,122,127.3501,41622202,0.982,6.40%,16.3202,N/A,N/A
12/03/2008,127.04,128.68,125.17,126.03,37843856,-0.169,-1.04%,16.151,N/A,N/A
13/03/2008,124.1,129.5,123,127.94,45151255,0.245,1.52%,16.3958,N/A,N/A
14/03/2008,129.88,130.3,124.2,126.61,41316269,-0.17,-1.04%,16.2254,N/A,N/A
17/03/2008,122.55,128.59,122.55,126.73,38307074,0.015,0.09%,16.2407,N/A,N/A
18/03/2008,129.18,133.0015,128.67,132.82,43039945,0.78,4.81%,17.0212,N/A,N/A
19/03/2008,133.12,134.29,129.67,129.67,36090600,-0.404,-2.37%,16.6175,N/A,N/A
20/03/2008,131.12,133.2915,129.18,133.27,32456650,0.461,2.78%,17.0789,N/A,N/A
24/03/2008,134.01,140.85,133.64,139.53,38119507,0.802,4.70%,17.8811,N/A,N/A
25/03/2008,139.96,143.1,137.33,140.98,37596140,0.186,1.04%,18.0669,N/A,N/A
26/03/2008,140.87,145.74,140.64,145.06,42217233,0.523,2.89%,18.5898,N/A,N/A
27/03/2008,144.95,145.31,139.99,140.25,35708131,-0.616,-3.32%,17.9734,N/A,N/A
28/03/2008,141.8,144.65,141.6,143.01,25547083,0.354,1.97%,18.3271,N/A,N/A
31/03/2008,143.27,145.71,142.52,143.5,27430839,0.063,0.34%,18.3899,N/A,N/A
01/04/2008,146.3,149.66,143.61,149.5301,36877317,0.773,4.20%,19.1626,N/A,N/A
02/04/2008,148.78,151.2,145.85,147.49,37320214,-0.261,-1.36%,18.9012,N/A,N/A
03/04/2008,147.06,153.63,147,151.61,37563004,0.528,2.79%,19.4292,N/A,N/A
04/04/2008,152.19,154.715,150.75,153.08,30527914,0.188,0.97%,19.6176,N/A,N/A
07/04/2008,156.13,159.69,155.11,155.89,41395988,0.36,1.84%,19.9777,N/A,N/A
08/04/2008,153.55,156.45,152.32,152.84,36258626,-0.391,-1.96%,19.5868,N/A,N/A
09/04/2008,153.31,153.89,150.46,151.44,31211125,-0.179,-0.92%,19.4074,N/A,N/A
10/04/2008,151.13,155.42,150.6,154.55,34160321,0.399,2.05%,19.8059,N/A,N/A
11/04/2008,152.72,153.3,146.4,147.14,43216946,-0.95,-4.79%,18.8563,N/A,N/A
14/04/2008,146.77,149.25,144.54,147.78,30189396,0.082,0.43%,18.9384,N/A,N/A
15/04/2008,149.4,149.72,145.72,148.38,24929883,0.077,0.41%,19.0152,N/A,N/A
16/04/2008,151.76,154.1,150.62,153.7,28420420,0.682,3.59%,19.697,N/A,N/A
17/04/2008,154.18,156,153.35,154.49,25189279,0.101,0.51%,19.7983,N/A,N/A
18/04/2008,159.04,162.26,158.38,161.04,36670142,0.839,4.24%,20.6377,N/A,N/A
21/04/2008,162.35,168.5,161.76,168.16,37112590,0.912,4.42%,21.5501,N/A,N/A
22/04/2008,167.41,168,158.09,160.2,51413219,-1.02,-4.73%,20.53,N/A,N/A
23/04/2008,164.05,164.84,161.08,162.89,53721101,0.345,1.68%,20.8747,N/A,N/A
24/04/2008,165.31,169.98,159.194,168.94,60616273,0.775,3.71%,21.6501,N/A,N/A
25/04/2008,170.6,171.1,166.42,169.73,35445425,0.101,0.47%,21.7513,N/A,N/A
28/04/2008,169.74,173.75,169.13,172.24,28114734,0.322,1.48%,22.073,N/A,N/A
29/04/2008,171.11,175.66,170.25,175.05,32981265,0.36,1.63%,22.4331,N/A,N/A
30/04/2008,176.26,180,172.92,173.95,40697228,-0.141,-0.63%,22.2921,N/A,N/A
01/05/2008,175.01,180,174.86,180,32270581,0.775,3.48%,23.0674,N/A,N/A
02/05/2008,180.31,181.92,178.55,180.94,35931418,0.12,0.52%,23.1879,N/A,N/A
05/05/2008,181.81,185.31,181.05,184.73,30519889,0.486,2.09%,23.6736,N/A,N/A
06/05/2008,184.56,187.12,182.18,186.66,32816765,0.247,1.04%,23.9209,N/A,N/A
07/05/2008,186.13,188.2,180.54,182.59,41326175,-0.522,-2.18%,23.3993,N/A,N/A
08/05/2008,183.75,186.5,183.07,185.06,32110148,0.317,1.35%,23.7159,N/A,N/A
09/05/2008,183.18,184.25,181.37,183.45,24038245,-0.206,-0.87%,23.5096,N/A,N/A
12/05/2008,185.12,188.87,182.85,188.16,29263070,0.604,2.57%,24.1132,N/A,N/A
13/05/2008,188.6,191.45,187.86,189.96,29401281,0.231,0.96%,24.3438,N/A,N/A
14/05/2008,191.29,192.24,185.57,186.26,32743680,-0.474,-1.95%,23.8697,N/A,N/A
15/05/2008,186.78,189.9,184.2,189.73,31185978,0.445,1.86%,24.3143,N/A,N/A
16/05/2008,190.3,190.3,187,187.6201,27348837,-0.27,-1.11%,24.044,N/A,N/A
19/05/2008,187.9,188.69,181.3,183.6,33796411,-0.515,-2.14%,23.5288,N/A,N/A
20/05/2008,181.83,186.16,180.12,185.9,34637473,0.295,1.25%,23.8235,N/A,N/A
21/05/2008,185.61,188,176.25,178.19,41344865,-0.988,-4.15%,22.8355,N/A,N/A
22/05/2008,179.18,181.33,172,177.05,43105919,-0.146,-0.64%,22.6894,N/A,N/A
23/05/2008,180.75,181.99,177.8,181.17,32440244,0.528,2.33%,23.2174,N/A,N/A
27/05/2008,182.8,186.43,181.84,186.43,28210871,0.674,2.90%,23.8914,N/A,N/A
28/05/2008,187.49,187.95,183.72,187.01,26570641,0.074,0.31%,23.9658,N/A,N/A
29/05/2008,186.93,188.2,185.5,186.69,23113799,-0.041,-0.17%,23.9248,N/A,N/A
30/05/2008,187.5,189.54,187.38,188.75,21792225,0.264,1.10%,24.1888,N/A,N/A
02/06/2008,188.5,189.65,184.53,186.1,24280000,-0.34,-1.40%,23.8492,N/A,N/A
03/06/2008,186.9,188.2,182.3354,185.37,27049567,-0.094,-0.39%,23.7556,N/A,N/A
04/06/2008,184,187.09,183.23,185.19,25981128,-0.023,-0.10%,23.7325,N/A,N/A
05/06/2008,186.25,189.84,185.7,189.43,26980102,0.543,2.29%,24.2759,N/A,N/A
06/06/2008,188,189.95,185.55,185.64,34515075,-0.486,-2.00%,23.7902,N/A,N/A
09/06/2008,184.92,184.94,175.75,181.61,67442535,-0.516,-2.17%,23.2738,N/A,N/A
10/06/2008,180.33,186.78,179.02,185.64,40747845,0.516,2.22%,23.7902,N/A,N/A
11/06/2008,184.34,186,179.59,180.81,34341045,-0.619,-2.60%,23.1712,N/A,N/A
12/06/2008,181.45,182.6,171.2,173.26,46726115,-0.968,-4.18%,22.2037,N/A,N/A
13/06/2008,171.5,174.16,165.31,172.37,48069881,-0.114,-0.51%,22.0896,N/A,N/A
16/06/2008,171.25,177.9,169.07,176.84,37561768,0.573,2.59%,22.6625,N/A,N/A
17/06/2008,178.17,181.99,177.41,181.43,32148419,0.588,2.60%,23.2507,N/A,N/A
18/06/2008,181,182.2,177.35,178.75,28980970,-0.343,-1.48%,22.9072,N/A,N/A
19/06/2008,178.48,182.34,176.8,180.9,28311343,0.276,1.20%,23.1828,N/A,N/A
20/06/2008,176.55,181,175,175.27,31727397,-0.721,-3.11%,22.4613,N/A,N/A
23/06/2008,174.78,175.88,171.56,173.16,23072024,-0.27,-1.20%,22.1909,N/A,N/A
24/06/2008,172.06,175.78,171.63,173.25,22216923,0.012,0.05%,22.2024,N/A,N/A
25/06/2008,174.5,178.83,173.88,177.39,23016067,0.531,2.39%,22.7329,N/A,N/A
26/06/2008,174.14,174.844,168.01,168.26,31057440,-1.17,-5.15%,21.5629,N/A,N/A
27/06/2008,166.44,170.57,164.15,170.09,37223115,0.235,1.09%,21.7974,N/A,N/A
30/06/2008,170.04,172,166.62,167.44,24440648,-0.34,-1.56%,21.4578,N/A,N/A
01/07/2008,164.05,174.72,164,174.68,39688556,0.928,4.32%,22.3857,N/A,N/A
02/07/2008,175.05,177.45,168.1788,168.18,29951728,-0.833,-3.72%,21.5527,N/A,N/A
03/07/2008,169.59,172.17,165.75,170.12,18694175,0.249,1.15%,21.8013,N/A,N/A
07/07/2008,173,177.13,171.9,175.16,29299603,0.646,2.96%,22.4472,N/A,N/A
08/07/2008,175.4,179.7,172.7401,179.55,31738989,0.563,2.51%,23.0098,N/A,N/A
09/07/2008,180.25,180.91,174.14,174.25,32003589,-0.679,-2.95%,22.3306,N/A,N/A
10/07/2008,174.91,177.34,171.37,176.63,30024547,0.305,1.37%,22.6356,N/A,N/A
11/07/2008,175.37,177.11,171,172.58,33214614,-0.519,-2.29%,22.1165,N/A,N/A
14/07/2008,175.37,179.3,173.08,173.88,31644790,0.167,0.75%,22.2831,N/A,N/A
15/07/2008,172.3,173.74,166.39,169.64,37144352,-0.543,-2.44%,21.7398,N/A,N/A
16/07/2008,170.08,172.93,168.6,172.81,26716567,0.406,1.87%,22.146,N/A,N/A
17/07/2008,174.09,174.98,171.39,171.81,27054456,-0.128,-0.58%,22.0179,N/A,N/A
18/07/2008,168.21,169.65,165,165.15,31014721,-0.853,-3.88%,21.1644,N/A,N/A
21/07/2008,166.9,167.5,161.12,166.29,48588195,0.146,0.69%,21.3105,N/A,N/A
22/07/2008,148.9,162.76,146.53,162.02,67128289,-0.547,-2.57%,20.7632,N/A,N/A
23/07/2008,165.15,168.37,161.56,166.26,37920218,0.543,2.62%,21.3066,N/A,N/A
24/07/2008,164.3,165.26,158.45,159.03,29986320,-0.927,-4.35%,20.3801,N/A,N/A
25/07/2008,160.37,163,158.65,162.12,22629822,0.396,1.94%,20.7761,N/A,N/A
28/07/2008,162.18,162.47,154.02,154.4,27891235,-0.989,-4.76%,19.7867,N/A,N/A
29/07/2008,156.55,159.45,153.65,157.08,24437215,0.343,1.74%,20.1302,N/A,N/A
30/07/2008,157.71,160.49,156.08,159.88,25902261,0.359,1.78%,20.489,N/A,N/A
31/07/2008,157.7,162.2,156.98,158.95,22768525,-0.119,-0.58%,20.3698,N/A,N/A
01/08/2008,159.94,159.99,155.75,156.66,19461195,-0.293,-1.44%,20.0764,N/A,N/A
04/08/2008,156.58,157.9,152.91,153.23,21167696,-0.44,-2.19%,19.6368,N/A,N/A
05/08/2008,155.5,160.8,154.82,160.64,24594669,0.95,4.84%,20.5864,N/A,N/A
06/08/2008,159.97,167.4,158,164.19,28266458,0.455,2.21%,21.0413,N/A,N/A
07/08/2008,162.89,166.15,161.5,163.57,24017815,-0.079,-0.38%,20.9619,N/A,N/A
08/08/2008,163.86,169.65,163.75,169.55,25493877,0.766,3.66%,21.7282,N/A,N/A
11/08/2008,170.07,176.5,169.67,173.56,31814513,0.514,2.37%,22.2421,N/A,N/A
12/08/2008,173.52,179.29,173.51,176.73,29857827,0.406,1.83%,22.6484,N/A,N/A
13/08/2008,177.98,180,175.9,179.3,30082065,0.329,1.45%,22.9777,N/A,N/A
14/08/2008,178.33,180.45,177.84,179.32,25392466,0.003,0.01%,22.9803,N/A,N/A
15/08/2008,179.04,179.75,175.05,175.74,25293739,-0.459,-2.00%,22.5215,N/A,N/A
18/08/2008,175.57,177.81,173.82,175.39,19694351,-0.045,-0.20%,22.4766,N/A,N/A
19/08/2008,174.54,177.07,171.81,173.53,21992316,-0.238,-1.06%,22.2383,N/A,N/A
20/08/2008,174.7725,176.94,173.61,175.84,18104928,0.296,1.33%,22.5343,N/A,N/A
21/08/2008,174.47,175.45,171.89,174.29,19274492,-0.199,-0.88%,22.3357,N/A,N/A
22/08/2008,175.82,177.5,175.57,176.79,15700338,0.32,1.43%,22.6561,N/A,N/A
25/08/2008,176.15,176.23,171.66,172.55,17296909,-0.543,-2.40%,22.1127,N/A,N/A
26/08/2008,172.76,174.88,172.6101,173.64,15912488,0.14,0.63%,22.2524,N/A,N/A
27/08/2008,173.31,175.76,172.1909,174.67,17036420,0.132,0.59%,22.3844,N/A,N/A
28/08/2008,175.28,176.25,172.75,173.74,15390262,-0.119,-0.53%,22.2652,N/A,N/A
29/08/2008,172.96,173.5,169.0401,169.53,21402968,-0.54,-2.42%,21.7257,N/A,N/A
02/09/2008,172.4,173.5,165,166.19,27883790,-0.428,-1.97%,21.2976,N/A,N/A
03/09/2008,166.84,168.68,164,166.96,26243129,0.099,0.46%,21.3963,N/A,N/A
04/09/2008,165.86,167.9125,160.81,161.22,26534276,-0.736,-3.44%,20.6607,N/A,N/A
05/09/2008,158.59,162.4,157.65,160.18,28092778,-0.133,-0.65%,20.5274,N/A,N/A
08/09/2008,164.57,164.89,151.4585,157.92,37354451,-0.29,-1.41%,20.2378,N/A,N/A
09/09/2008,156.86,159.96,149.79,151.68,44440632,-0.8,-3.95%,19.4382,N/A,N/A
10/09/2008,152.32,154.99,148.8,151.61,34753033,-0.009,-0.05%,19.4292,N/A,N/A
11/09/2008,148.18,152.99,146,152.65,34661089,0.133,0.69%,19.5625,N/A,N/A
12/09/2008,150.9099,150.9099,146.5,148.94,28320609,-0.475,-2.43%,19.087,N/A,N/A
15/09/2008,142.03,147.69,140.36,140.36,32842601,-1.1,-5.76%,17.9875,N/A,N/A
16/09/2008,133.86,142.5,132.15,139.88,42803877,-0.062,-0.34%,17.926,N/A,N/A
17/09/2008,138.49,138.51,127.83,127.83,42842543,-1.544,-8.61%,16.3817,N/A,N/A
18/09/2008,130.57,140,120.68,134.09,59814044,0.802,4.90%,17.1839,N/A,N/A
19/09/2008,142.6,144.2,136.31,140.91,51098507,0.874,5.09%,18.058,N/A,N/A
22/09/2008,139.94,140.25,130.66,131.05,30571730,-1.264,-7.00%,16.7944,N/A,N/A
23/09/2008,131.85,135.8,126.66,126.84,45702460,-0.54,-3.21%,16.2548,N/A,N/A
24/09/2008,127.27,130.95,125.15,128.71,37390304,0.24,1.47%,16.4945,N/A,N/A
25/09/2008,129.8,134.79,128.52,131.93,35851505,0.413,2.50%,16.9071,N/A,N/A
26/09/2008,124.91,129.8,123,128.24,40202275,-0.473,-2.80%,16.4343,N/A,N/A
29/09/2008,119.62,119.68,100.59,105.26,93572355,-2.945,-17.92%,13.4893,N/A,N/A
30/09/2008,108.25,115,106.3,113.66,58095140,1.076,7.98%,14.5658,N/A,N/A
01/10/2008,111.92,112.36,107.39,109.12,46299463,-0.582,-3.99%,13.984,N/A,N/A
02/10/2008,108.01,108.79,100,100.1,57467305,-1.156,-8.27%,12.8281,N/A,N/A
03/10/2008,104,106.5,94.65,97.07,81941512,-0.388,-3.03%,12.4398,N/A,N/A
06/10/2008,91.96,98.78,87.54,98.14,75250025,0.137,1.10%,12.5769,N/A,N/A
07/10/2008,100.48,101.5,88.95,89.16,67095732,-1.151,-9.15%,11.4261,N/A,N/A
08/10/2008,85.9125,96.33,85.68,89.79,78843320,0.081,0.71%,11.5068,N/A,N/A
09/10/2008,93.35,95.8,86.6,88.74,57757602,-0.135,-1.17%,11.3722,N/A,N/A
10/10/2008,85.7,100,85,96.8,79256888,1.033,9.08%,12.4052,N/A,N/A
13/10/2008,104.55,110.53,101.02,110.26,54961801,1.725,13.90%,14.1301,N/A,N/A
14/10/2008,116.26,116.4,103.14,104.08,70753880,-0.792,-5.60%,13.3381,N/A,N/A
15/10/2008,103.84,107,97.89,97.95,56516666,-0.786,-5.89%,12.5525,N/A,N/A
16/10/2008,99.77,103.43,91.74,101.89,70568261,0.505,4.02%,13.0574,N/A,N/A
17/10/2008,99.6,102.04,85.885,97.4,62907547,-0.575,-4.41%,12.482,N/A,N/A
20/10/2008,99.78,100.03,93.64,98.44,55264967,0.133,1.07%,12.6153,N/A,N/A
21/10/2008,96.95,97.9,91.16,91.49,75931674,-0.891,-7.06%,11.7247,N/A,N/A
22/10/2008,97.37,101.25,92.93,96.87,80248085,0.689,5.88%,12.4141,N/A,N/A
23/10/2008,96.51,99.25,91.9,98.23,59790696,0.174,1.40%,12.5884,N/A,N/A
24/10/2008,90.33,97.9,90.11,96.38,56769606,-0.237,-1.88%,12.3513,N/A,N/A
27/10/2008,95.07,97.63,91.86,92.09,43158606,-0.55,-4.45%,11.8016,N/A,N/A
28/10/2008,95.43,100.5,92.37,99.91,58261621,1.002,8.49%,12.8037,N/A,N/A
29/10/2008,100.86,109.54,99.94,104.55,69718151,0.595,4.64%,13.3983,N/A,N/A
30/10/2008,108.23,112.19,107.61,111.04,58460152,0.832,6.21%,14.23,N/A,N/A
31/10/2008,107.4,110.78,105.14,107.59,59275558,-0.442,-3.11%,13.7879,N/A,N/A
03/11/2008,105.93,109.1,104.86,106.96,37782578,-0.081,-0.59%,13.7072,N/A,N/A
04/11/2008,109.99,111.79,106.67,110.99,49951809,0.516,3.77%,14.2236,N/A,N/A
05/11/2008,108.91,109.72,102.99,103.3,44880056,-0.985,-6.93%,13.2381,N/A,N/A
06/11/2008,101.05,102.78,98,99.1,47109410,-0.538,-4.07%,12.6999,N/A,N/A
07/11/2008,99.24,99.85,95.72,98.24,39104087,-0.11,-0.87%,12.5897,N/A,N/A
10/11/2008,100.17,100.4,94.5,95.88,40136352,-0.302,-2.40%,12.2873,N/A,N/A
11/11/2008,94.81,97.17,92.26,94.77,43727056,-0.142,-1.16%,12.145,N/A,N/A
12/11/2008,92.43,93.24,90.01,90.12,42034994,-0.596,-4.91%,11.5491,N/A,N/A
13/11/2008,89.87,96.44,86.02,96.44,66215541,0.81,7.01%,12.359,N/A,N/A
14/11/2008,93.76,93.99,90,90.24,50158431,-0.795,-6.43%,11.5645,N/A,N/A
17/11/2008,88.48,90.55,87.26,88.14,41518252,-0.269,-2.33%,11.2953,N/A,N/A
18/11/2008,89.64,90.99,86.86,89.91,43203176,0.227,2.01%,11.5222,N/A,N/A
19/11/2008,89.44,91.58,86.21,86.29,41849683,-0.464,-4.03%,11.0583,N/A,N/A
20/11/2008,85.24,86.45,80,80.49,61277681,-0.743,-6.72%,10.315,N/A,N/A
21/11/2008,81.93,84.12,79.14,82.58,56043037,0.268,2.60%,10.5828,N/A,N/A
24/11/2008,85.21,94.79,84.84,92.95,51506732,1.329,12.56%,11.9118,N/A,N/A
25/11/2008,94.63,94.7099,88.16,90.8,44116285,-0.276,-2.31%,11.6362,N/A,N/A
26/11/2008,89.92,95.25,89.85,95,32136730,0.538,4.63%,12.1745,N/A,N/A
28/11/2008,94.7,94.76,91.86,92.67,10757337,-0.299,-2.45%,11.8759,N/A,N/A
01/12/2008,91.3,92.27,88.923,88.93,32984418,-0.479,-4.04%,11.3966,N/A,N/A
02/12/2008,90.03,92.65,86.5,92.47,41024413,0.454,3.98%,11.8502,N/A,N/A
03/12/2008,89.4,96.23,88.8,95.9,47808949,0.44,3.71%,12.2898,N/A,N/A
04/12/2008,94.43,95.21,89.06,91.41,38976529,-0.575,-4.68%,11.7144,N/A,N/A
05/12/2008,90.35,94.49,88.86,94,37274625,0.332,2.83%,12.0463,N/A,N/A
08/12/2008,97.28,100.8,95.8,99.72,42298759,0.733,6.09%,12.7794,N/A,N/A
09/12/2008,98.395,103.6,97.21,100.06,42980663,0.044,0.34%,12.8229,N/A,N/A
10/12/2008,97.87,99.49,96.5,98.21,33496171,-0.237,-1.85%,12.5858,N/A,N/A
11/12/2008,97.35,101.24,94.83,95,37163263,-0.411,-3.27%,12.1745,N/A,N/A
12/12/2008,92.8,99,92.53,98.27,37184729,0.419,3.44%,12.5935,N/A,N/A
15/12/2008,95.99,96.21,93,94.75,31800611,-0.451,-3.58%,12.1424,N/A,N/A
16/12/2008,93.98,96.48,92.75,95.43,39875022,0.087,0.72%,12.2296,N/A,N/A
17/12/2008,91.03,91.1,88.02,89.16,46219920,-0.804,-6.57%,11.4261,N/A,N/A
18/12/2008,89.31,90.83,88.44,89.43,30588784,0.035,0.30%,11.4607,N/A,N/A
19/12/2008,90.13,90.94,88.8,90,28639968,0.073,0.64%,11.5337,N/A,N/A
22/12/2008,90.02,90.03,84.69,85.74,30168787,-0.546,-4.73%,10.9878,N/A,N/A
23/12/2008,86.87,87.87,85.9,86.38,22680083,0.082,0.75%,11.0698,N/A,N/A
24/12/2008,86.14,86.25,84.55,85.04,9694994,-0.172,-1.55%,10.8981,N/A,N/A
26/12/2008,86.64,87.42,85.24,85.81,11013216,0.099,0.91%,10.9968,N/A,N/A
29/12/2008,86.52,87.62,85.07,86.61,24500334,0.103,0.93%,11.0993,N/A,N/A
30/12/2008,87.42,88.05,84.72,86.29,34518839,-0.041,-0.37%,11.0583,N/A,N/A
31/12/2008,85.97,87.74,85.34,85.35,21705209,-0.12,-1.09%,10.9378,N/A,N/A
02/01/2009,85.88,91.04,85.16,90.75,26644000,0.692,6.33%,11.6298,N/A,N/A
05/01/2009,93.17,96.18,92.71,94.58,42197180,0.491,4.22%,12.1207,N/A,N/A
06/01/2009,95.95,97.17,92.39,93.02,46046464,-0.2,-1.65%,11.9207,N/A,N/A
07/01/2009,91.81,92.5,90.26,91.01,26892965,-0.258,-2.16%,11.6631,N/A,N/A
08/01/2009,90.43,93.15,90.04,92.7,23912766,0.217,1.86%,11.8797,N/A,N/A
09/01/2009,93.21,93.38,90.14,90.58,19529147,-0.272,-2.29%,11.608,N/A,N/A
12/01/2009,90.46,90.99,87.55,88.66,21974413,-0.246,-2.12%,11.362,N/A,N/A
13/01/2009,88.24,89.7399,86.35,87.71,28439469,-0.122,-1.07%,11.2402,N/A,N/A
14/01/2009,86.24,87.25,84.72,85.33,36770643,-0.305,-2.71%,10.9352,N/A,N/A
15/01/2009,80.56,84.12,80.05,83.38,65416918,-0.25,-2.29%,10.6853,N/A,N/A
16/01/2009,84.3,84.38,80.4,82.33,37404651,-0.135,-1.26%,10.5508,N/A,N/A
20/01/2009,81.93,82,78.2,78.2,32513191,-0.529,-5.02%,10.0215,N/A,N/A
21/01/2009,79.45,82.88,79.31,82.83,38515758,0.593,5.92%,10.6149,N/A,N/A
22/01/2009,88,90,85.82,88.36,49555892,0.709,6.68%,11.3235,N/A,N/A
23/01/2009,86.81,89.87,86.5,88.36,27120487,0,0.00%,11.3235,N/A,N/A
26/01/2009,88.88,90.97,88.3,89.64,24722632,0.164,1.45%,11.4876,N/A,N/A
27/01/2009,90.19,91.55,89.74,90.73,21770654,0.14,1.22%,11.6273,N/A,N/A
28/01/2009,92.15,95,91.5,94.2,30764189,0.445,3.82%,12.072,N/A,N/A
29/01/2009,93.09,94.34,92.6,93,21164899,-0.154,-1.27%,11.9182,N/A,N/A
30/01/2009,92.62,93.62,90.01,90.13,23265745,-0.368,-3.09%,11.5504,N/A,N/A
02/02/2009,89.1,92,88.9,91.51,19931252,0.177,1.53%,11.7272,N/A,N/A
03/02/2009,91.92,93.38,90.28,92.98,20825114,0.188,1.61%,11.9156,N/A,N/A
04/02/2009,93.24,96.25,93.1,93.55,28726746,0.073,0.61%,11.9887,N/A,N/A
05/02/2009,92.77,97.25,92.62,96.46,26239339,0.373,3.11%,12.3616,N/A,N/A
06/02/2009,97,100,97,99.72,24085676,0.418,3.38%,12.7794,N/A,N/A
09/02/2009,101.165,103,99.5,102.51,25354651,0.358,2.80%,13.1369,N/A,N/A
10/02/2009,101.17,102.51,97.06,97.83,29937454,-0.6,-4.57%,12.5371,N/A,N/A
11/02/2009,96.35,98.31,95.77,96.82,23966700,-0.129,-1.03%,12.4077,N/A,N/A
12/02/2009,95.83,99.75,95.83,99.27,28837796,0.314,2.53%,12.7217,N/A,N/A
13/02/2009,99.11,99.94,98.12,99.16,21645440,-0.014,-0.11%,12.7076,N/A,N/A
17/02/2009,96.79,97.04,94.28,94.53,23586977,-0.593,-4.67%,12.1142,N/A,N/A
18/02/2009,95.03,95.85,92.72,94.37,24348903,-0.021,-0.17%,12.0937,N/A,N/A
19/02/2009,93.37,94.25,90.11,90.64,32202809,-0.478,-3.95%,11.6157,N/A,N/A
20/02/2009,89.4,92.4,89,91.2,26780147,0.072,0.62%,11.6875,N/A,N/A
23/02/2009,91.6,92,86.51,86.95,26877795,-0.545,-4.66%,11.1428,N/A,N/A
24/02/2009,87.4475,90.89,87,90.25,26998802,0.423,3.80%,11.5658,N/A,N/A
25/02/2009,89.86,92.92,89.25,91.16,29196021,0.117,1.01%,11.6824,N/A,N/A
26/02/2009,92,92.92,88.96,89.19,22043644,-0.252,-2.16%,11.4299,N/A,N/A
27/02/2009,87.91,91.3,87.67,89.31,25128304,0.015,0.13%,11.4453,N/A,N/A
02/03/2009,89.31,91.2,87.67,87.94,27266332,-0.176,-1.53%,11.2697,N/A,N/A
03/03/2009,88.83,90.74,87.88,88.37,25757670,0.055,0.49%,11.3248,N/A,N/A
04/03/2009,90.24,92.77,89.45,91.17,26464128,0.359,3.17%,11.6837,N/A,N/A
05/03/2009,90.25,91.87,88.45,88.84,25186995,-0.299,-2.56%,11.3851,N/A,N/A
06/03/2009,88.34,88.4,82.33,85.3,36073248,-0.454,-3.98%,10.9314,N/A,N/A
09/03/2009,84.12,87.6,82.57,83.11,24918955,-0.281,-2.57%,10.6507,N/A,N/A
10/03/2009,84.87,89.17,84.36,88.6275,30098566,0.707,6.64%,11.3578,N/A,N/A
11/03/2009,89.9,94.07,89.58,92.68,30186469,0.519,4.57%,11.8772,N/A,N/A
12/03/2009,92.9703,96.58,92,96.35,27420679,0.47,3.96%,12.3475,N/A,N/A
13/03/2009,96.3,97.2,95.01,95.93,21456672,-0.054,-0.44%,12.2937,N/A,N/A
16/03/2009,96.45,97.39,94.18,95.42,28469054,-0.065,-0.53%,12.2283,N/A,N/A
17/03/2009,95.26,99.69,95.07,99.66,28094478,0.543,4.44%,12.7717,N/A,N/A
18/03/2009,99.91,103.48,99.72,101.52,28424199,0.238,1.87%,13.01,N/A,N/A
19/03/2009,101.91,103.2,100.25,101.62,17844248,0.013,0.10%,13.0228,N/A,N/A
20/03/2009,102.09,103.11,100.57,101.59,24838367,-0.004,-0.03%,13.019,N/A,N/A
23/03/2009,102.71,108.16,101.75,107.66,23513705,0.778,5.98%,13.7969,N/A,N/A
24/03/2009,106.36,109.44,105.3872,106.83,22670228,-0.106,-0.77%,13.6905,N/A,N/A
25/03/2009,107.58,108.36,103.86,106.49,23086232,-0.044,-0.32%,13.6469,N/A,N/A
26/03/2009,107.83,109.98,107.58,109.87,21941766,0.433,3.17%,14.0801,N/A,N/A
27/03/2009,108.23,108.53,106.4,106.85,17563612,-0.387,-2.75%,13.6931,N/A,N/A
30/03/2009,104.51,105.01,102.61,104.49,17953268,-0.302,-2.21%,13.3906,N/A,N/A
31/03/2009,105.45,107.45,105,105.12,20338263,0.081,0.60%,13.4714,N/A,N/A
01/04/2009,104.09,109,103.89,108.69,21016648,0.458,3.40%,13.9289,N/A,N/A
02/04/2009,110.145,114.75,109.78,112.71,28944900,0.515,3.70%,14.4441,N/A,N/A
03/04/2009,114.19,116.13,113.52,115.99,22615086,0.42,2.91%,14.8644,N/A,N/A
06/04/2009,114.94,118.75,113.28,118.45,23455767,0.315,2.12%,15.1796,N/A,N/A
07/04/2009,116.53,116.67,114.19,115,19131109,-0.442,-2.91%,14.7375,N/A,N/A
08/04/2009,115.43,116.79,114.58,116.32,16254156,0.169,1.15%,14.9067,N/A,N/A
09/04/2009,118.42,120,117.96,119.57,18933728,0.416,2.79%,15.3232,N/A,N/A
13/04/2009,120.01,120.98,119,120.22,13895234,0.083,0.54%,15.4065,N/A,N/A
14/04/2009,119.57,120.17,117.25,118.31,16280966,-0.245,-1.59%,15.1617,N/A,N/A
15/04/2009,117.2,118.25,115.76,117.64,14737492,-0.086,-0.57%,15.0758,N/A,N/A
16/04/2009,119.19,123.15,118.79,121.45,21193912,0.488,3.24%,15.5641,N/A,N/A
17/04/2009,121.18,124.25,120.25,123.42,17762873,0.252,1.62%,15.8166,N/A,N/A
20/04/2009,121.73,122.99,119.16,120.5,16657116,-0.374,-2.37%,15.4424,N/A,N/A
21/04/2009,118.89,122.14,118.6,121.76,16766043,0.161,1.05%,15.6038,N/A,N/A
22/04/2009,122.63,125.35,121.2,121.51,33258727,-0.032,-0.21%,15.5718,N/A,N/A
23/04/2009,126.62,127.2,123.51,125.4,33675149,0.499,3.20%,16.0703,N/A,N/A
24/04/2009,124.64,125.14,122.97,123.9,19292444,-0.192,-1.20%,15.8781,N/A,N/A
27/04/2009,122.9,125,122.66,124.73,17160244,0.106,0.67%,15.9844,N/A,N/A
28/04/2009,123.3501,126.21,123.26,123.902,16251275,-0.106,-0.66%,15.8783,N/A,N/A
29/04/2009,124.85,126.85,123.83,125.14,16351456,0.159,1.00%,16.037,N/A,N/A
30/04/2009,126.22,127,124.92,125.83,17783387,0.088,0.55%,16.1254,N/A,N/A
01/05/2009,125.8,127.95,125.8,127.24,14195078,0.181,1.12%,16.3061,N/A,N/A
04/05/2009,128.24,132.25,127.68,132.07,21704413,0.619,3.80%,16.9251,N/A,N/A
05/05/2009,131.75,132.86,131.12,132.71,14217504,0.082,0.48%,17.0071,N/A,N/A
06/05/2009,133.33,133.5,130.22,132.5,16909845,-0.027,-0.16%,16.9802,N/A,N/A
07/05/2009,132.33,132.39,127.9,129.06,18944290,-0.441,-2.60%,16.5393,N/A,N/A
08/05/2009,129.04,131.2342,126.26,129.19,16712650,0.017,0.10%,16.556,N/A,N/A
11/05/2009,127.37,130.96,127.12,129.57,14446965,0.049,0.29%,16.6047,N/A,N/A
12/05/2009,129.56,129.71,123.25,124.42,21688391,-0.66,-3.97%,15.9447,N/A,N/A
13/05/2009,123.21,124.02,119.38,119.49,21188757,-0.632,-3.96%,15.3129,N/A,N/A
14/05/2009,119.78,123.53,119.7,122.95,15919846,0.443,2.90%,15.7563,N/A,N/A
15/05/2009,122.32,124.62,121.61,122.42,13095101,-0.068,-0.43%,15.6884,N/A,N/A
18/05/2009,123.73,126.7,121.57,126.65,16338735,0.542,3.46%,16.2305,N/A,N/A
19/05/2009,126.82,129.31,125.74,127.45,13272084,0.103,0.63%,16.333,N/A,N/A
20/05/2009,127.63,129.21,125.3,125.87,13855317,-0.202,-1.24%,16.1305,N/A,N/A
21/05/2009,125.15,126.78,122.89,124.18,14550705,-0.217,-1.34%,15.914,N/A,N/A
22/05/2009,124.05,124.18,121.75,122.5,10643055,-0.215,-1.35%,15.6987,N/A,N/A
26/05/2009,124.76,130.83,124.55,130.78,22612547,1.061,6.76%,16.7598,N/A,N/A
27/05/2009,131.78,134.98,130.91,133.05,23084970,0.291,1.74%,17.0507,N/A,N/A
28/05/2009,133.45,135.39,132.03,135.07,17364710,0.259,1.52%,17.3095,N/A,N/A
29/05/2009,135.39,135.9,133.85,135.81,16294772,0.095,0.55%,17.4044,N/A,N/A
01/06/2009,136.47,139.99,136,139.35,16097429,0.454,2.61%,17.858,N/A,N/A
02/06/2009,138.99,141.34,138.35,139.49,16195850,0.018,0.10%,17.876,N/A,N/A
03/06/2009,140,141.11,139.07,140.95,20093870,0.187,1.05%,18.0631,N/A,N/A
04/06/2009,140.13,144.18,140.04,143.74,19520470,0.358,1.98%,18.4206,N/A,N/A
05/06/2009,145.31,146.4,143.21,144.67,22572593,0.119,0.65%,18.5398,N/A,N/A
08/06/2009,143.82,144.23,139.43,143.85,33220320,-0.105,-0.57%,18.4347,N/A,N/A
09/06/2009,143.81,144.56,140.55,142.72,24135138,-0.145,-0.79%,18.2899,N/A,N/A
10/06/2009,142.28,142.35,138.3,140.25,24569062,-0.317,-1.73%,17.9734,N/A,N/A
11/06/2009,139.55,141.56,138.55,139.95,18719298,-0.038,-0.21%,17.9349,N/A,N/A
12/06/2009,138.81,139.1,136.04,136.97,20070648,-0.382,-2.13%,17.553,N/A,N/A
15/06/2009,136.01,136.93,134.89,136.09,19268527,-0.113,-0.64%,17.4403,N/A,N/A
16/06/2009,136.66,138.47,136.1,136.35,18251531,0.033,0.19%,17.4736,N/A,N/A
17/06/2009,136.67,137.45,134.53,135.58,20377096,-0.099,-0.56%,17.3749,N/A,N/A
18/06/2009,136.11,138,135.59,135.88,15218775,0.038,0.22%,17.4133,N/A,N/A
19/06/2009,138.07,139.5,136.9,139.48,25715182,0.461,2.65%,17.8747,N/A,N/A
22/06/2009,140.67,141.56,136.33,137.37,22622761,-0.27,-1.51%,17.6043,N/A,N/A
23/06/2009,136.4,136.95,132.88,134.01,25180997,-0.431,-2.45%,17.1737,N/A,N/A
24/06/2009,135.42,137.5,134.86,136.22,17298995,0.283,1.65%,17.4569,N/A,N/A
25/06/2009,135.75,140.2,135.21,139.86,21009066,0.466,2.67%,17.9234,N/A,N/A
26/06/2009,139.79,143.56,139.74,142.44,15657088,0.331,1.84%,18.254,N/A,N/A
29/06/2009,143.46,143.95,141.54,141.97,20269085,-0.06,-0.33%,18.1938,N/A,N/A
30/06/2009,142.58,143.8,141.8,142.43,15499929,0.059,0.32%,18.2527,N/A,N/A
01/07/2009,143.5,144.66,142.52,142.83,14786257,0.051,0.28%,18.304,N/A,N/A
02/07/2009,141.25,142.83,139.79,140.02,13199308,-0.36,-1.97%,17.9439,N/A,N/A
06/07/2009,138.7,138.99,136.25,138.61,17778787,-0.181,-1.01%,17.7632,N/A,N/A
07/07/2009,138.48,139.68,135.18,135.4,16451723,-0.411,-2.32%,17.3518,N/A,N/A
08/07/2009,135.92,138.04,134.42,137.22,20531433,0.233,1.34%,17.5851,N/A,N/A
09/07/2009,137.76,137.99,135.93,136.36,12245056,-0.11,-0.63%,17.4749,N/A,N/A
10/07/2009,136.34,138.97,136.32,138.52,15866509,0.277,1.58%,17.7517,N/A,N/A
13/07/2009,139.54,142.34,137.53,142.34,17218983,0.49,2.76%,18.2412,N/A,N/A
14/07/2009,142.03,143.18,141.161,142.27,12390098,-0.009,-0.05%,18.2322,N/A,N/A
15/07/2009,145.04,147,144.32,146.88,17276003,0.591,3.24%,18.823,N/A,N/A
16/07/2009,145.76,148.02,145.57,147.52,14021005,0.082,0.44%,18.905,N/A,N/A
17/07/2009,149.08,152.02,148.63,151.75,21484638,0.542,2.87%,19.4471,N/A,N/A
20/07/2009,153.27,155.036,150.89,152.909,26152256,0.149,0.76%,19.5957,N/A,N/A
21/07/2009,153.29,153.43,149.75,151.51,30792637,-0.179,-0.91%,19.4164,N/A,N/A
22/07/2009,157.79,158.73,156.11,156.74,31201291,0.67,3.45%,20.0866,N/A,N/A
23/07/2009,156.63,158.44,155.56,157.82,18775876,0.138,0.69%,20.225,N/A,N/A
24/07/2009,156.95,160,156.5,159.986,15630970,0.278,1.37%,20.5026,N/A,N/A
27/07/2009,160.17,160.88,157.26,160.1,15441138,0.015,0.07%,20.5172,N/A,N/A
28/07/2009,158.88,160.105,157.6,160,12968900,-0.013,-0.06%,20.5044,N/A,N/A
29/07/2009,158.9,160.45,158.25,160.03,13643890,0.004,0.02%,20.5082,N/A,N/A
30/07/2009,161.7,164.72,161.5,162.79,16734969,0.354,1.72%,20.8619,N/A,N/A
31/07/2009,162.9881,165,162.91,163.39,15090594,0.077,0.37%,20.9388,N/A,N/A
